{
  "tier_lambdas": {
    "tier_1_slow": 0.0005433155633584394,
    "tier_2_medium": 0.001320137868606126,
    "tier_3_faster": 0.00034855279842558505,
    "tier_4_fastest": 9.202754968205052e-05
  },
  "per_category_rates": {
    "IDENTITY_SELF_CONCEPT": 0.0005433155633584394,
    "RELATIONAL_BONDS": 0.0005433155633584394,
    "HEALTH_WELLBEING": 0.001320137868606126,
    "INTELLECTUAL_INTERESTS": 0.001320137868606126,
    "PROJECTS_ENDEAVORS": 0.001320137868606126,
    "PREFERENCES_HABITS": 0.00034855279842558505,
    "HOBBIES_RECREATION": 0.00034855279842558505,
    "FINANCIAL_MATERIAL": 0.00034855279842558505,
    "OTHER": 0.00034855279842558505,
    "OBLIGATIONS": 9.202754968205052e-05,
    "LOGISTICAL_CONTEXT": 9.202754968205052e-05
  },
  "current_rates": {
    "IDENTITY_SELF_CONCEPT": 0.0015,
    "RELATIONAL_BONDS": 0.0015,
    "INTELLECTUAL_INTERESTS": 0.002,
    "HEALTH_WELLBEING": 0.0025,
    "PROJECTS_ENDEAVORS": 0.0025,
    "HOBBIES_RECREATION": 0.0035,
    "PREFERENCES_HABITS": 0.005,
    "FINANCIAL_MATERIAL": 0.0055,
    "OBLIGATIONS": 0.006,
    "LOGISTICAL_CONTEXT": 0.008,
    "OTHER": 0.005
  },
  "optimal_gap": 3.6942690379894216,
  "current_gap": 1.2654801140573628,
  "questions_used": 68,
  "grid_size": 15,
  "grid_range": [
    1e-05,
    0.004999999999999999
  ]
}